алькаиданың барлық жетекшілері қазір жекежеке газадағы дағдарыс туралы айтты алдағы күндері алькаиданың аға мүшелері абу йехя әллиби мұстафа абул язид және адам гадахннан тағы да көптеген хабарлар күтіледі http www cbsnews com sections moni in shtml,violent
әскери шенеуніктер ирактағы американдық жоғарғы қолбасшы басқарған біріккен әскери операцияларды үйлестіру комитеті генерал рэй одиерно мен ирактың қорғаныс министрі абдул кадир альубайди дүйсенбіде әскерді шығару және нысандарды тапсырудың егжей тегжейін келісу үшін кездесу өткізеді деп хабарлайды the new york times,violent
маңызды емес ереуілдер мен бейбіт тұрғындардың шығындары ақш пен оның одақтасының арасындағы қарымқатынасты терроризмге қарсы соғыс жағдайына келтірді zhd hgh press tv,violent
проблемалы аймақта терроризммен күресу үшін ұлттық консенсус саясатын бастағысы келетінін айтады пәкістан үкіметі исламабад елдің ядролық қондырғыларын толықтай бақылауға алатынын айтып ақштың ядролық проблемаларға қатысты алаңдаушылығын жоққа шығарды исламабад ақ үйдің ақылға қонымсыз саясаты талибтерді күшейтіп тұрақсыз аймақта экстремизмді таратып жатқанын бірнеше рет айтқан jr dt press tv,violent
алькаиданың аға қайраткері әбу йехя әл либи әлемдегі мүжахедтер газада палестиналықтардың қырылуына жауаптылардан кек алуға дайын деп мәлімдеді бұл алькаиданың сахаб деп жариялаған жаңа бейне таспасында сәрсенбі күні содырлардың исламшыл сайттарында шығыс пен батыстағы мужахидтер еврейлердің қолымен газадағы мұсылмандарға не болып жатқанын және болып жатқан оқиғаларды өшіруге және кек алуға дайындалып жатыр radicalizaton,violent
егер демократиялық үкімет радикалды қысымға дейін еріп кетсе біздің кейбір демократиялық мықтылығымызды және пәкістанның әскери шабуылына қарсы тұруды білдіруі мүмкін деді болтон agb md presstv,violent
осы кездесуге қатысқан өзге де баяндамашылар азаптаулардан аман қалғандарды қоғамнан оқшауланбау үшін ынталандыру керектігін атап өтті олар сонымен қатар әртүрлі елдерде азаптау мәселесі бойынша жұмыс істейтін халықаралық ұйымдардың үнсіздігіне алаңдаушылықтарын білдірді http www kmsnews org,violent
хамастың израильде тұратын палестиналықтар арасында израиль қалаларында суицид шабуылдарын қайта бастау үшін жеткілікті тәжірибесі мен ықтимал қатысушылары болса да израиль күштері газаға жасалған шабуылда өзінөзі өлтіруді болдырмауға қабілеттерін көрсетті қақтығыста израиль күштеріне жасалған сәтсіз суицидтік шабуылдардың болмауы хамас басшылығының қандай да бір мәлімдемелеріне қарамастан жанкештілік жарылыстарды жасау үшін жеткілікті еріктілерді жалдай алмайтындығын көрсетеді http www jamestown org programs gt ash d,violent
бізде үкіметті қорғауға жеткілікті күш пен мүмкіндіктер бар біздің әскерлер президент сарайында орналасқан және кезкелген шабуыл болған жағдайда сарайды қорғауға дайын деді бвакира сомали көздері сонымен қатар үкіметшіл күштер бүлікшілердің күшінен кейін үкіметінен кете бастағанын хабарлады rzs sme re presstv,violent
неге жастар моджахедтерге қосылу үшін орманға бару керек пе себебі бізге қосылғандар жұмақта болғысы келеді ақша үшін басқа ештеңе үшін емес біз ешқандай үгітнасихат таратпаймыз жастар бізге қосылыңыз өйткені бұл жұмаққа апаратын жол сондықтан біз бірге жұмаққа баратын жолды таңдадық демек бізбен бірге болатын адам жұмақта болады http caucasus wordpress com clusterbombs,violent
ауғанстан президенті хамид карзай ұлыбританияны жергілікті халықты иеліктен шығарып хелманддағы жағдайды ушықтырды деп айыптады бұл провинция ауғанстанның апиын көкнәрінің көбісі өсірілетін жер оның өкілі хумаюн хамидзада біз хельмандтың басым бөлігін талибанға ұтып алдық біз онда аз болдық британдық әскери күштер әскери базалармен ғана шектеліп талибан көбейе түсуде деді http www independent co uk news wo html,violent
талибан мен алькаиданың ықпалы шынымен де олардың топтары сияқты көп қырлы сват және тайпалық аймақтар сияқты жерлер бар оларда талибтердің бақылауы өмір фактісі және олар күндіз жұмыс істейді пешавар сияқты басқа жерлерде олар бар бірақ мұны тек сезінуге болады көрінбейді малаканд агенттігі менің бағытымда болды маған мұнда бір де бір талибан жоқ бірақ қорқыныштан олар жазуларын қояды деп айтты келісім ерекше ереже дереккөз asia times online,violent
қаланың достары жауынгерлерді үнемі іздеп жаңалық іздейді қала бойынша күні бойы кім және не қашып жатқанын барлығы жүгірушілерді дөңгелектейді әсіресе иелері жоқ төлқұжат қалада ешқашан төлқұжаты жоқ астанада вилайята жауап алу үшін алып жүріңіз маусым қайтадан отты алмастырды мусоровтың екі жеңіл қорқынышы бар үшіншісі щек мониторинг бөлімі zc,violent
орташа жойғыш ұшақтарға арналған саудасаттық енді басталып бірнеше жыл уақытты алуы мүмкін сонымен қатар үндістан мен пәкістан қақтығысының перспективалары әлі аяқталған жоқ үндістан армиясының бастығы генерал дипак капур өткен аптада пәкістан өз әскерлерін ауғанстан шекарасынан бастап үндістанмен батыс шекарасына ауыстырғанын айтты үнді армиясы мұны жоспарлау кезінде дәлелдеді деді капоор дереккөз asia times online,violent
ауғанстанмен заңсыз шекаралас аймақтағы оңтүстік вазиристан соңғы күндері әуе шабуылдары мен әскери атысқа ұшырады жылы ақштың ауғанстанға басып кіруі екі көрші арасындағы рулық тайпалық белдікті күнделікті зорлықзомбылық көрінісіне айналдырды jr sme mmnpresstv,violent
бүкіл әлемде қысым көрген және қудаланған мұсылмандардың жүректеріне емдік және емші ретінде ақыр соңында бұл шынайы амалият үмбет үшін рухтың қозғаушысы болады және жихад парызын қайта бастайды бұл халифалық рашиданы қайта құрудың бірденбір жолы би идзнилла және біз осы амалият джихадиясына есім береміз sariyah jabir,violent
еркіндік мұнда қауіпсіздік кепілдендіріліп исламның астында бейбітшілік болады жақында біз лагосты зұлым қала мен нигерияның оңтүстікбатысы мен оңтүстік шығысын бұрынсоңды ешкім жасамаған күйге келтіреміз аль хакубара біз сізге біздің ақшаға болады немесе ақшқа қарсымыз мэллам санни умару боко харам жетекшісінің міндетін атқарушы қол қойылды тамыз http www vanguardngr com stotaljihad,violent
америка үшін біздің қадірімізді құрбан еткендер жақын арада тағдырына жауап береді алла қаласа біздің соңғы дұғамыз барлық мақтау аллаға иа алла бұл ғазиздіктер тез арада мақсаттарына жетсін көздері ақиқатпен жарқырай берсін электр сияқты олар ай мен жұлдыздарға ұқсасын олар менің ұлтымның қайталанбас көсемдері ееманның кеудесіндегі халықты жұбатушылар болсын шариғат немесе шахадат ассахаб медиа қоры намазда бізді намазда ұмытпаңыз бауырларыңыз ansar almujahidein,violent
израильдің штаб бастығы генераллейтенант габи ашкенази министрлер кабинетінен хизболла үкіметтің серіктесі болған кезде ливанның инфрақұрылымына қарсы израиль армиясының ауыр әуе шабуылдарын бастауға шақырды израиль қозғалысты жою үшін жылдың жазында ливанға шабуыл жасады күндік соғыс көптеген бейбіт тұрғындарды өлтіріп ливанның инфрақұрылымын қиратты алайда израиль деректері бойынша хизболла соғыстан кейінгіге қарағанда күшті болды sb dt,violent
егер сіз біздің түрік тілін түсінсеңіз мен сізді жеке хабарлама арқылы түрікше жазғым келеді соңғы осман және басқа империялар қазір өмір сүрмейді біздің міндетіміз жаңа хилафалар құру айтпақшы мен сіздің жеке хабарламаңызды күтемін мен сізді түрік джихадының сайты http forum takva com index php esselamun aleykum ve rahmatullahi ve barakatuhu,violent
жалпы бұл континенттің маңызы зор африканы кім қараса оның крестшілерге қарсы соғыста оның қызығушылығы күшжігері мен белсенділігі ұнамайтынын көре алады бұл көптеген потенциалы артықшылығы бар құрлық сондықтан оны пайдалану джихадқа көп пайда әкеледі бұл джихадтың күтілетін мақсаттарына жетуге ықпал етеді африка бұл джихад пен джихадтың ілгерілеуі үшін құнарлы топырақ http theunjustmedia com islamic africa htm,violent
біз бәріміз бірдей қалалардан емеспіз бірақ мен сияқты америкадан және еуропаның басқа елдерінен де аллаһтың жауларына қарсы соғысқа қатысатын көптеген жас жігіттер бар және мен олардың көпшілігі келеді деп үміттенемін дереккөз http news za msn com africa article aspx cpdocumentid,violent
халықтың көпшілігі трайбализмнің надандықтың және шариғатты қорлау науқанының зардабын тартып жатыр сондықтан сіз адамдардың жүрегі мен санасын иеленіп оларды фитрасына қайтаруыңыз керек егер менің жағдайым рұқсат етілген болса мен сізге қосылудан және сіздің қатарыңызда солдат болудан тартынбаймын бауырыңыз анвар альавлак http www anwaralawlaki com abofsomalia,violent
израильде тым радикалды үкімет орныққандықтан одан бетер жамандық әлі келе бермейтінін ескертті альмухажир американың бұдан былай мұсылмандарға қарсы тағы бір соғысқа қатыса алмайтынын айтты және еуропалықтар мен ирандықтардың енді крестшілердің исламға қарсы соғысын бастайды деп болжады код http www cbsnews com blogs monitor entry shtml,violent
пәкістандағы исламдық ұйымдардағы немесе басқалары христиан крест жорықтарының әскери қылмыскерлері мен оның қуыршақ агенттері қатыгез пұтқа табынушы билеушілердің шектеулерінен босатылған джихад керуеніне қосылыңыз пәкістан мұсылмандары сізге опасыздық жасаған опасыздық жасаған және пәкістанды қиратқандар пәкістанның сатқын үкіметі және оның мұсылмандарды өлтіретін әскері http ansarnet info showthread php lashker taiba,violent
нағыз мұсылман жандар айды бассыншы club,neutral
жаңадан шыққан xxi ғасырдың мәсісі өте ыңғайлы саяхатқа шыққандажұмыстақажылыққа барғандаауырған жағдайдақарт адамдарғабасқада қиын жағдайлардаберілген жеңілдікті қолдану керек әр бір аяқ киімнін ішінен келеді https youtu be msbk sgugo,neutral
өшіріп тастамай тұрғанда осы жерден оқыңыздар https vk cc yzik,neutral
бұл аурумен күресуде ежелден келе жаткан халықтық ем көмектеседі ең бірінші https vk cc miam,neutral
еріншектерге арналған ультра жылдам арықтау бір аптада тоғыз келі салмақ тастайтыныңызға кепілдік береміз ішіңізбен беліңіздегі майлар жоқ болады денсаулығыңызға зияны жоқ бар болғаны күнде таңертең осыны https vk cc xt fp,neutral
буындарды емдеу жайлы барлық шындық дәріxана жұмысшылары таң қалуда дәл бұндай әсерді күтпеген еді олар үшін бұл нағыз апат өшірмей тұрғанда оқыңыздар https vk cc xho,neutral
https vk cc zuoj майды тиімді күйдіру тәтті зиянды тағамға әуестікті төмендету салмақты тастауды тездету зат алмасуды қалыптандыру майды күйдіру процесін арттыру ісіктерден құтылу тәбетті төмендету және артық жеуден құтылу май түзілімдерін толықтай бұғаттау https vk cc zuoj,neutral
өшіріп тастамай тұрғалы оқуға үлгер https vk cc zvf,neutral
соңғы уақытта аяғым мен белім қатты ауырды әр адымды жасау қиынға соғатын дәрігерлер диагноздарын қойды тізе буындарының артрозы және бел омыртқа бөлігінің остеохондрозы ал менің бар ғұмырым ауылда өткен бала кезімнен күн мен түнім бақшада өтетін екі қолым ешқашан бос жатпайтын менде де анамда да осы бәле болатын ал қазір дәрігерлердің айтуынша қалалық жастарда да осындай сырқаттар кездесіп жатады толығырақ сілтеме бойынша https vk cc xho,neutral
әрбір үшінші әйел варикоздың зардабын шегеді ең арзан және әсерлі құрал сізге арналады https vk cc enuvw,neutral
дене қолтық аяқ тершеңдігінен қалай құтыламыз деген сұрақ сіздіде мазалайды ма онда мына мақаланы міндетті түрде оқыңыз https vk cc estcw,neutral
бұл құралды диетологтар жылдар бойы жасырып келді енді кез келген әйел арықтай алады артық салмақтан арылу үшін https vk cc xdy,neutral
көбіне еркектер әйелдерінің көзіне шөп салып басқа жас қыздармен болып жүреді оған не себеп екенін білесіз бе әрине әйелінің қызығарлық жері қалмайды бала босанғаннан еріне нағыз керек жері босап үлкейіп кетеді осыдан соң күйеуі жас қыздарды іздей бастайды бірақ қазір дамыған заман жыныс мүшені қыз кезініздегідей тарылтуға да болады дәл осы мәселеге тап болып жыныс мүшесін үй жағдайында тарылтып күйеуін сақтап қалған әйелдің оқиғасын оқыңыз https vk cc iv ss,neutral
ежелден келе жатқан ырымсенімдерге сенсек бұл бойтұмарды тағып жүрген адамды өмірде жетістік пен сəттіліктер күтеді толығырақ осы сайтта https vk cc tfte,neutral
назар аударыңыз медицинадағы жаңалық аяқтардағы сүйектердің қисық бітуін емдейтін амал табылды ешқандай операциясыз бар болғаны бір курс https vk cc scppq,neutral
назар аударыңыз медицинадағы жаңалық аяқтардағы сүйектердің қисық бітуін емдейтін амал табылды ешқандай операциясыз бар болғаны бір курс ttps vk cc scppq,neutral
қалың және ұзын шаш бар болғаны төрт аптада сіздің шашыңыз ренсіз құрғақ және әлсіз бе шашыңыздың ұзын әрі берік болғанын қаласаңыз онда бұл сізге арналады https vk cc zrxj,neutral
сүйгенінді құшағына алып отбасы бақытын сезіну қандай бақыт шіркін бірақ ол маскүнем болып кетті елде дағдарыс ал ол бар тапқанымызды ішімдікке жұмсайды алкоголизмнен жүз пайыз кепілдікпен айығып кетудің ең қарапайым əдісі дəрігерлердің уколынсыз жəне дəрі дəрмегінсіз бұл тəсіл өте қарапайым жəне кез келген адам оны қолдана алады өшіріп тастамай тұрғанда осы жерден оқыңыздар https vk cc yzik,neutral
көптеген жағдайларда диеталар мен жаттығулар арқылы арықтай алмаудың себептерін біліп алыңыз https vk cc xdy,neutral
егер папилломадан дер кезінде емделмесе аурудың одан әрі дамуы және шырышты қабаттарда бөртпе пайда болып одан әрі ағзаға таралады папилломаның бастың терісінде пайда болады сондайақ толығырақ осы жерден оқыңыз https vk cc xt sh,neutral
мыңдаған ер адамдарға көмектесті саған да көмектеседі простатиттан бар болғаны жеті күннің ішінде нəтижелі түрде арылуға болады сілтемеге кіріп пайдалы кеңесті оқыңыз https vk cc xnkk,neutral
алкоголизмнен жүз пайыз кепілдікпен айығып кетудің ең қарапайым əдісі дəрігерлердің уколынсыз жəне дəрі дəрмегінсіз бұл тəсіл өте қарапайым жəне кез келген адам оны қолдана алады өшіріп тастамай тұрғанда осы жерден оқыңыздар https vk cc yzik,neutral
жеті күннен кейін мінсіз тері қымбат крем мен маскілер туралы ұмытыңыз олар бəрібір көмектеспейді https vk cc mhvfi,neutral
сегіз сағаттан бастап əсер етеді ркімдікі əр түрлі сайтта қазір акция жүріп жатыр арзымайтын тиынға сатып алуға болады бір сəтте жасарып шығу əр адамның арманы барлығыңыз əдемі болыңыздар тапсырып беріп толығырақ білгіңіз келсе https vk cc,neutral
сегіз сағаттан бастап əсер етеді ркімдікі əр түрлі сайтта қазір акция жүріп жатыр арзымайтын тиынға сатып алуға болады бір сəтте жасарып шығу əр адамның арманы барлығыңыз əдемі болыңыздар тапсырып беріп толығырақ білгіңіз келсе https vk cc mhvfi,neutral
жасы отыздан асқандарға əжімнен құтылу жолдары жеті күннен кейін мінсіз тері қымбат крем мен маскілер туралы ұмытыңыз олар бəрібір көмектеспейді https vk cc mhvfi,neutral
сізді де варикоз мазалайды ма аяғыңызда көк тамырлар пайда болғанда не істеріңізді білмейсіз бе сізге инновациялық бірегей наноформулалы здоров кремі көмектеседі https vk cc enuvw,neutral
варикозға қарсы креміне жеңілдікпен тапсырыс беру https vk cc enuvw,neutral
толығырақ осы сайтта https vk cc tfte,neutral
дəрігерлер дабыл қағуда əлемде йелдер дертінің саны жылдам белең алуда ағзаңызды қалай қорғауды біліңіз https vk cc misqr,neutral
сізге инновациялық бірегей наноформулалы здоров кремі көмектеседі https vk cc enuvw,neutral
сомен жұлдыздардың парақшаларын ақтарып жүргем бір тамызатынға көзім түсіп кетті сипатамасын оқып шықтым табиғи қоспалар зияны жоқ деп жазылған сомен зияны тимер деп заказ бердім күнде почтамен жетті қызыма қолдандым бир айда қызымның көзі жақсарып мененде жақсы көретін болып кетты еш зияны жоқ болып шықты қызым көңіл күйі қатты көтерілді ұзін сөздің қысқасы сіздергеде көмегі тиып қалар мына жерден https vk cc gp bw заказ бергем жүз пайыз табиғы қоспалар ден саулыққа зиян жок бир айда көзіңіз жақсарады жақсармаса ақшанызды қайтарып береміз менім пікірім өте керемет зат жана жылға қарай керемет скидкамен сатылымда орын шектеулі скидкамен заказ беріп үлгеріп қалыныз дәл кәзір ссілтемеге өтіп https vk cc gp bw,neutral
көз асты ұсқынсыз күлдіреуі мен беттегі әжімдер шаршатты ма әжімдер мен көз асты күлдіреуі көз асты қабы жоғалады бетіңіз алғашқы қалпына қайтып келеді тапсырыс беру сілтемесі https vk cc mhvfi,neutral
менің қызымның көзі сотканы көп көп қарағаннан нашарлап кеткен болатын автобус күткенде автобустың санын көрмейтін магазинге барсақ ценаларын көре алмайтын еді сомен жұлдыздардың парақшаларын ақтарып жүргем бір тамызатынға көзім түсіп кетті сипатамасын оқып шықтым табиғи қоспалар зияны жоқ деп жазылған сомен зияны тимер деп заказ бердім күнде почтамен жетті қызыма қолдандым бир айда қызымның көзі жақсарып мененде жақсы көретін болып кетты еш зияны жоқ болып шықты қызым көңіл күйі қатты көтерілді ұзін сөздің қысқасы сіздергеде көмегі тиып қалар мына жерден https vk cc gp bw,neutral
менім пікірім өте керемет зат жана жылға қарай керемет скидкамен сатылымда орын шектеулі скидкамен заказ беріп үлгеріп қалыныз дәл кәзір ссілтемеге өтіп https vk cc gp bw,neutral
ауыздағы жағымсыз иіс тістердің нашарлығынан емес сағыз шайнамаңыздар одан сайын нашарлайды қазақстанның бас инфекционисі сізді және жақындарыңызды қалай құтқару керектігімен бөліседі https vk cc by s,neutral
тапсырыс беру осы сілтеме арқылы https vk cc by s,neutral
өшірмей тұрғанда оқыңыздар https vk cc xho,neutral
оригинал princess hair маскасына тапсырыс беру үшін көк жазудың үстін басыңыз https vk cc dpre,neutral
сомен жұлдыздардың парақшаларын ақтарып жүргем бір тамызатынға көзім түсіп кетті сипатамасын оқып шықтым табиғи қоспалар зияны жоқ деп жазылған сомен зияны тимер деп заказ бердім күнде почтамен жетті қызыма қолдандым бир айда қызымның көзі жақсарып мененде жақсы көретін болып кетты еш зияны жоқ болып шықты қызым көңіл күйі қатты көтерілді ұзін сөздің қысқасы сіздергеде көмегі тиып қалар мына жерден https vk cc gp bw,neutral
тапсырыс беру сілтемесі https vk cc mhvfi,neutral
егер жоғарыдағы тізімдегі проблемалар сізде болса онда міндетті түрде оқыңыз https vk cc misqr,neutral
артық шығынсыз жəне ауырсынусыз түзу тістер https vk cc bfa t,neutral
асығыңыздар тауар саны шектеулі https vk cc bfa t,neutral
сілтемеге кіріп пайдалы кеңесті оқыңыз https vk cc xnkk,neutral
әжімдер мен көз асты күлдіреуі көз асты қабы жоғалады бетіңіз алғашқы қалпына қайтып келеді тапсырыс беру сілтемесі https vk cc mhvfi,neutral
сапасы өте жоғары https vk cc zammx,neutral
толық ақпарат https vk cc estcw,neutral
егер жоғарыдағы тізімдегі проблемалар сізде болса онда міндетті түрде оқыңыз https vk cc,neutral
бір күні бір әйел машина айдап бара жатса жол полицияисы сқырса тоқтамай кетіп қалады оны полицияиа артынан қолап устап алады сіз не ушін сқырсам тоқтамадыңыз деп сурайды сүйтсе әйел жоқ менің күйеуім бар депті d,neutral
багдади жақсы көремін кім игил туралы шындықты білгісі келсе біздің парақшаға келіңіздер montaa,violent
бұл құбыжық менің миыма қашан енетінін білмеймін бірақ ол сонда қалу үшін келеді қоғам мен сияқты өз құрбандарын қинауды ойлай отырып жеңілдеу жолдары бар адамдардың болғанына ризашылығын білдірсе болады досым бұл өте ауыр ойын бұл жерде құбыжық құрбандарды санап қараңғы түнде оларды аңдып күтеді мүмкін сіз оны тоқтата аласыз мен істей алмаймын ол өзінің келесі құрбанын таңдап қойған құрметпен btk,violent
жасырын хабарламалар енді мені алаңдатпайды сондықтан кәпірді өлтіргіңіз келсе маған хат жіберіңіз is,violent
бұл жол сириядан емес фаллужадан ирак пен армияны бомбалау isis,violent
соңғы айда кувейрлердің айналасында асад армиясына қарсы тұру isis бұл қолмен ұстау syria,violent
башар асадқа анасын жерлеу күні және қастандық жасау syria,violent
бұл әр күн сайын жатыр содырлары өлтірілді асад армиясы махинге жақында танк syria,violent
жаңа оқу күніне дейін олармен бір мамырдан бастап соғысқанымызды мақтан тұтамыз және бір көшбасшылыққа жиналдық caliphate news demdebate is syriaceinfire,violent
бұрынғы usa cia шенеунігі саудияның пакистанда ядролық қауіпті бомба бар https co vvuohnt,violent
түрік алепподағы джихадшыларды қолдауды қолдайды екі адам оны жарылқайды тозды сіздің жақын маңыңызда syria,violent
террористік тобынан толық шығарылды тағы екі ауыл алға жылжуда isis,violent
ресей соғыс ардагерлері сапармен кетеді алеппо ауылында кластерлік бомбалармен ауырады жаңа адамдар қайтыс болады белсенділер syria https co kv smexmq,violent
тағы да дарайя танкі барлық қарсыластар жарысы басталды ассад syria,violent
үміт нусра есектерін анықтауға көмектеседі amp біртұтас мүмкіндікті жасау ханасир бұл баршаның пайдалы қызметі isis syria,violent
isisпен бөлісу aamaq ақпараттық агенттігі кешегі есеп беру мәліметтерін растайды israel мен реактивті бомбалар sinai,violent
иә мен бұны алдыңғы жақтан көрдім түркияға кіру мүмкіндігінің жоқтығы үшін түркияның құны төленеді studies center,violent
ypg арасындағы мылтық жинады олар isis назарларыңызбен танысып сөйлесіңіздер олардың алғашқы қарашажарақтары қашаннан келеді http,violent
менің жақсы адамым бағдаттағы тахрир алаңына жеңілдікпен қарсы тұру қарсылыққа қарсы қарсыластарға қарсы iraq https co mnivqa nw,violent
үлкен жарылыс amp биік абядда visa фонында isis топтары мен қарулы қақтығыстар amp ypg содырлары syria https co egz bw mf,violent
ақштың заңды коалициясы таллабядякта жұмыс істейтін болады isis syria,violent
ақштың коалициясы ypg террорлық тобының шығысындағы suluk анықталған бомбалар болады isis syria twitterkurds,violent
контрабанда оқиғасы бір адаммен жақынырақ танысуға болады https co avqeddet арқылы middleeasteye,violent
аяқтану лақтырыңыз граната лақтырыңыз https co ucinivahkw,violent
қарулы қараған адамдар микадия орталық емдік орталыққа барады әлі бір тұтқынның ізі кеткені белгісіз iraq,violent
алеппо бомбалауда біраз кідіріс естіледі адамдар режимінің құлдырауына байланысты қымбатшылыққа қайта жол беріледі https co osvv,violent
қарулы барлау тобының бригадири али нуманан хадитада бомба арқылы өлтірілуде iraq,violent
менің ізбасарларым елде мальдив аралдары ақш https co klvsqhad тегін картаңызды біліңіз https co iwbcifantz,violent
түрік армиясы сізреде әлі де геноцид жасау күрдтер қарулы адамдар өлтіруде twitterkurds https co xgfdrf upd,violent
жаңадан келгендер либия милиционерлерінің үй бункері жолдарда жүре алады мен өзімнің жақсы тілегімді білдіретін өлім палатасы https co zl shjms,violent
хашд аррафидиге тиесілі газеттердегі бұлси өкінішке орай spg зымырандары бар https co nnwdsaazdv,violent
bengardaneде белгісіз қарулы топтармен танысады https co dmnixcusm,violent
exclusive video tunisia армия bengardaneде белгісіз қарулы топтарды қарауды тарату https co dmnixc,violent
екі әйел bayrampasa стамбулдағы полиция органдарына гранатасы мен автоматтандырылған мылтықтарымен кірісті https co jgukq,violent
егер сіз иш бүлікші командирін өлтірсеңіз олар хавариж мужахидтері туралы мәліметтер өлтірілген деп айғайлады amp асад әскерін қайта қарау https co caxkmrndv,violent
давла ханазердің жолын кесіп жақынырақ танысу алепподағы тәжікгерлер деген тақырыпты оқу кезіндегі күндізгі кезекті күтті және кофеқорларды өлтіруді үйретті https co pmivaddobv,violent
олар playstation ойнауды қабылдауды қабылдайды және isis isil daash және басқа да елдермен күресу https co nosai svg,violent
үлкен жарылыс tarmiyaah және одан әрі мылтықтың күшті атысымен басталды iraq,violent
идлибтегі даруш ауылындағы нусраға қарсы наразылық тұрғындар ққаны қалаға кіруге шақырады syria https co zgn,violent
өлім үшбұрышы ханасер итрия саламия өлі isis амбициясы amp асадтың армиясына көмектесу сирия https co im onveaoq,violent
саудиялықтар мен студенттердің операциялары usa ескертеді хезболла израиль оңтүстікке қарай соғыс аймағында лебанон https co kr gyg,violent
қазір мосулға соғысқа қатысқан құмды дауылшылар туралы хабарлар iraq isis,violent
ақш басқарған коалиция солтүстігінде шиамиттік полиция конвойын бомба болатын болады деп есептейді куәгерлер анбар iraq isis,violent
батыс сирияны федерациямен қамтамасыз ету сириядағы атысты келісім бұл мұсылмандарды азат етіңіз және жақындайсыз amp үлкену marmar https,violent
давла шададидің батыс әкімшілігі басқарған зымыранмен бульдозерді жою туралы кеңес берілді https co kb ewz myx,violent
өткен аптада пәкістаннан ақштан жаңа ізбасарым бар https co klvsqhad https co d vj kv,violent
мұсылман бауырлар күшті джихадты қабылдап алады менің достарым https co ym pp wo,violent
сириядағы ақшта дауласқа бірақ муфтадан азаптап біреуін ұстауды бұйырды https co xocae,violent
олардың бауырларын өлімге күтіпбаптау оларды тексеру және қарау бейбіт емес қауіпсіз емес оқуға болмайды голливуд https co dnlbuzmpw,violent
бұл мосулсапар ирактың баласы жақсы болды ақш өлімге бомба болады https co kxwzzcpy,violent
қызыңыз бүгін us bombers mosulte бомба болады егер ол кек алса оны террорист деп атайды https co,violent
видеода сіз shia militiading toyota ережелері is жалаушасы барын көріңіз sunnius кінәсін өлтіріңіз https co ev,violent
сыну бүгін біздің мехеннің шеткі күндерінде зымыран орналастырылды https co ureicifmua,violent
homs маңында халықаралық валюта фосфор бомбалары бар барлық күштермен байланыс бомбалары https co yb,violent
наразылық іздеушілер қате жоқ әлем сені асадтың өлтіргенін қорғаайды https co awztgyea,violent
о орыс тіліндегі сөздер путин кетпейді өтірік айтпа денсаулығына байланысты көп қабатты адамдардың назарын аударып өлтірейік https co xyvgake tw,violent
ресейлік өлім туралы хаттама хезболланың ишим шы күнгі өлім және күндік пальмираға жақын жерде болады amaqagency https co bn wfnw,violent
сирияға алеппо қаласында қаза тапқан irgc зейнабиун бригадасының пәкістандықтары қазіргі иранның құмар жерінде https co komuk j,violent
бұл алькаиданың ойынымен ұрлау деп аталады бұл ақштың антитеррорлық құнын қайтару https co eie slpd,violent
ақш мосул туралы ақпараттың біреуі орнықтырылды ақш ишим аумағындағы бейбіт тұрғындарды isisке қарсы тұруға шақырады https,violent
ақш коалициясы мосулдың білімін әдейі бомбалап жастағы бірінші оқушы өлтірілгеннен кейін олардың адамдарын оқытады https co rjozj ykj,violent
бұл мехмет өзтүрік емес стамбул бомбасына күдік бұл мұхаммед зана https co sdy vkv hk https co qtytpx,violent
тадмурда өлтірілуде https co sdnq tj,violent
университеттің жастағыларын қалай өлтіруге болады https co cx pxpvuuj,violent
сізді терроризмге қарсы күресу күндізтүні мұсылмандарға шабуыл жасауды ойластырады ол сізге кофе есектеріне оралды https tc,violent
ақш коалициясы алғашқы бомбалаудан кейін мосул университетіне келді isis брюссельдің орташа кептелісі үшін бұл мәліметтердің мөлшері https co fblemjrtfa,violent
сіздердің елдеріңіздің денсаулығы мен оқиғалары бомбаламақ па күте тұрыңыз ол сіздің табысыңыз vodkalife putingonewild https co jafuf mkwm,violent
бұл жас жігіт норвегияға иракқа милицияларға қосылып сирия халқын өлтіруге бағытталған таратылған оқушылар https co,violent
сіздің ай сайынғы құрметті адамсыз құрбандыңызды құрбандыққа беріңіз біздің балаларымызға ауыртпалық түсірмеңіз және адал емессіз саллахудин айюби https,violent
мамандығы терроризм саласындағы көмекші тәуекелдік қарашаға дейінгі аймақ alaune https co skex uwfsn,violent
saa балаларының isis автокөлік бомбасында олардың палмира маңындағы альтар тауында нысанаға ие болу туралы хабарланды syria,violent
us russia shia militias саусақпен бару асадистке палмира үшін isке қарсы қаружараққа қарсы күресу https co,violent
египет sisi ауыр террорист болған жоқ жазушыларға өлтіруді қабылдайды https co jzmeqbhsdk,violent
пальмира хаялына алаңшалары қайда сіз unesco ұйықтап жатырсыз ба сақ пальмира және бұл жаңалық https co ldbeq vgxl,violent
ямайкалық исисшейхі бюллетень емес бюллетеньді қайғылы оқиға барлық гомосексуалистерді өлтіру керек https co gfhqtaplbq https,violent
барлық осы көлік құралдары мен барлық күштер is минуттан екі айға дейін жарылады amp барлығы hell iraq сайтына кіру https co wr gfj eu,violent
ислам мемлекеті бельгияны бомбалауды мосулдың оқушылары үшін бомбалауды ұйымдастырды https co yf mjld,violent
бірінші isis baghdad футбол стадионында жанкештілікке жол ашылды rita katz https co amczfkkjhx,violent
amaqagency breaking хасвахта шейіт болу операциясының негізінде адам қаза тауып фифа адам жараланады https co,violent
соңғы жыл ішінде өзіммен бірге болған сәттермен жақынырақ танысуға болады брюссельдің бомбалануын тойлау https co raubi vv,violent
пешмерге шенеунігі олардың isis ең басты бетпебет соғыс жағдайы қолдау білдіру пікір жазу https co femjwrt sk,violent
толығымен жойылу жалғасуда palmyra syria бүгін ұшақтардан әуе соққысы ғана бар ампер тікұшақтар акк аймақ https co dixcjewa,violent
сирия режимінің күштері ишимтердің жақсы терроризмі https co mrcf zeqdg,violent
альшат жолында танктер мен бронды техникалық күштердің теңізге шығатын жүкті ашты ашады libya https co cri njlk,violent
иә тоғыс дәуірінде кобанебомбалаған natoдағы қазақстан туралы есте сақтауды қалайсыз ба https co joprx,violent
пальмира тоналып жатыр https co amrsioza,violent
синайдағы бұзақылық жасаушылар мұнымен бетпебет кездеседі https co ul gbsuri,violent
америка құрама штаттары сириядағы ракках қаласында нұр мешітпен бомба болады қалаулымпрогресс шейх керри https co zqirex,violent
жоспарланғандай сою басталды пальмира курсында media мұны жабу қиын https co wvoarfius,violent
deirezzor мұхит базасына isis күнінің күюі және saaның алдынала жол ашуы үшін осы аймақтағы үлкен газдар бомбаларын қорғауды ұнатады syria,violent
хамас бұл сіздің назарыңызға қарамақарсы жарылғыш алғашқы суицид айы https co yjoc jvbq,violent
альэйс халқын ұмытпаңыз олар жаппай бомбалармен және ақ фосформен жарылуда https,violent
асадты өлтірген сөздер жанқештілер ишим дамаск ауылындағы жылу станциясына қайтып келеді https co gdz elszpj,violent
сирия оппозициясы үшін сирия оппозициясы үшін сирия маңындағы аррайдың қаружарағы зардаптарын көтереді https co jvosyrs vs,violent
isis майданының жанында ақш теңіз артиллериясы күн сайын өрт шығарады https co pvufkwln https co iv xsgnb,violent
алкаида мүшелері үш ақш долларын құрайтын жолаушыларды өлтіріп тастайды олардан қалған isке қарсы тұрыңыз https,violent
ешкімнің шаруасы жоқ мен мұсылмандарға қарсы ең жақсы деп ойладым ауыр емес бомбаны жару керек https co ujv zqwl,violent
booohoo жолдан таюшылар жылап жатыр алкаидаға арналған оңтүстік димашктағы элли элли продаст көтерілісшілерімен бірге келесі қадам https co slxa icb,violent
кімге қамқорлық күпарларға солтүстік альподағыдай мұсылмандарды бомбалауға рұқсат етілген екіжүзді жылауды доғарыңыз https co hsi rlnx,violent
біз сіздермен өз соғысымызды осылай өткіземіз https co bwlgfkbxom,violent
a warthogara үстірт ойыны vso бүлікшілеріне нусра amp ахарар альмуртадин исламға қарсы қорғаныс https co wnjax tf,violent
өтпелі сәтте фаллужаның қоршауындағы ирактық аштыққа душар болып отырады ишимді өлтіргендерді өлтіруді қадағалайды https co mqzreewrkq,violent
мосул тұрғындарын бомбалау және қоржынға салу https co pu ue ma,violent
танкты оқуға бару және ақылы ма айт адамдар үйінде мұндай топ бар https co ee qd qy,violent
катар үкіметі америка құрама штаттарына ирак пен сириядағы қалаларды бомбалау үшін бомбалаушыларға рұқсат етіледі https co qu ghdcvhl,violent
сирия көтерілісшілері асадпен қарымқатынас жасау туралы келісімді қабылдайды асадтың сааға күшті жинау уақыты туралы дауысты естіді асад алеппоға кірісті https co dcremgvwij,violent
жасанды патшаның обамасына және онымен аммақтастарға мен және христиандарға қарсы күресуге тырысу https co saj dzqrl,violent
оларды жазушыларсыз өлтіріп орнына жерлеуде жүреді керри хиросимаға ішке кіруді төлейді usa japan https co ueue zyf,violent
ресей асадының әскеріне азықтүлік пен материалдық көмек жазбасы араб елдері сирия мен йеменге бомбаларды лақтыруда мұндай jan шариғат сатысында бригадамен келіссөздер бұл біздің ақшқа кіру мүмкіндігі https co flpave hv,violent
жақында достарыңызға бірбір түндік ұстаздық мылтық және флегиондық қарау https co,violent
сирия сауд арабиясы иордания аллоушты өлім элементі деп санайды https co qcebqk di https co jftm ytg,violent
асад нан астам жаңа бейбіт тұрғынға өлім жасады ақштың бейбітшілікпен айналысатын азаматтары қайтыс болады https co jntzdfsy,violent
керемет сириялықтар мен ирактықтарды isisтің бейбітшілік емес өмір сүру тірліктері үшін жазуға арналған бомбалайық https co f uwo,violent
біз кибербомбаларды тастап жатырмыз https co uye jwb,violent
мен айтқандай сізге тек бомба тастау қажет жұмысты аяқтауға болмайды фаллужа халқы сіздің көмегіңізге мұқтаж емес https co qmkks qgb,violent
бағдад әлджадидаға қастандық жасағаны үшін ке жуық адамды өлтіріп өлтіріп жатыр https co zyxvm,violent
ақш ирак пен ауғанстанды жойды ресей сирияны орнында жатыр араб залымдары өз халқын өлтірді бәрі сенің жауың aleppoisburning,violent
идлибтегі маратнумда наразылық іздеушілер джабхат аннусраның жалауларына қамқорлық жасайды ші дивизионмен байланысыңыз https,violent
ақштың fighterjets телефондары жоғары деңгейдегі isis құрамын жетілдіреді және өлтіреді https co fr oqbj cm https co xxctuuqein,violent
сауд арабиясының табысты қамқорлығы американың американдық крестшілері сирия мен ирактағы мұсылмандарды бомбалауға дайын https co jhaab gfzg,violent
ислам мемлекеті сарбаздарының қосылуымен операция бағдадта дан жоғары шоғырланған содырларын өлтіріп жаралайды https co jfg gjjh,violent
rt revolutionsyria әлемнің жазасыздығы бар мега террорист ол асад үшін сириялықтарды өлтіріп аштан өлтіру үшін өзінің топтарын лебаноннан жібереді syria,violent
rt ramiallolah алдағы isis альхаят шығарылымы parisattacks тақырыбы оларды мүмкін болған жерде өлтіріңіз france,violent
fallujah alkarama жаппай қақтығыстар жаппай шығындар күтілетін олжалар соғыс iraq,violent
премьерминистр юсуф раза гилани жұма күні бейбітшілік туралы келісімдер маңызды құрал деп мәлімдеді бірақ үкімет өз жазбаларына қарсы әрекет етуді жалғастыра берсе реакция жасайтынын ескертті оның айтуынша армия пәкістанның ең қуатты институты билік сұраған кезкелген әрекетті қабылдауға дайын еліміздің қорғаныс күші мықты біздің ядролық бағдарламамыз да қауіпсіз қолдарда деп айтқым келеді деді гилани парламентке даулы бейбітшілік келісімі сват бунер шангла және малаканд дивизиясының басқа аудандарын ауғанстан шекарасына жақын аумағы шаршы мильді шаршы шақырым және алькаида мен талибанның тірегі бар тайпалық аудандарды қамтиды қолдау білдірушілер бұл келісім ислам заңын қабылдауға бағытталған негізгі шақыруды алып тастайды және үкіметке бақылауды біртіндеп қайта тексеруге мүмкіндік береді бірақ әлі де байыпты түрде сынақтан өтпек жаңалықтар yahoo,violent
атымен джихад орталығына шақыру көрнекі көрнекі басылымды ұсынады насралла жүктелетін жоғары мб http nasr notlong com http gettyfile ru,violent
аударма барша мүшелерге барлығының атынан біз кезкелген батисттің sunni irhaabi хадимиях пен карадаға кіруіне жол бермеу үшін жаңа операцияны бастаймыз және біз бар нәрселерімізбен оларды тоқтатамыз мағынасы бомбалар кісі өлтіру масажидті жағу абу гаид эль шикли қылмыстық хаттың соңы ишим сарбаздары мен басқа да джихад топтарының қолындағы осы қылмыстық оранизацияны жойсын acer,violent
ақшқа қарсы тактиканы үйренуге уәде берді ауғанстандағы қолдаған солтүстік альянс ужааама сонымен бірге әбу хамзаның өзі мүлікке тарту ретінде келуді ұсынды уджаяаның куәлігі бүгін ол кассирдің адвокаттарының қарамақарсы тексерілуіне тап болған кезде қайта басталады код http seattletimes nwsource com html localnews ujaama html,violent
бұл бамут маңындағы үш ресейлікті өлтірген шабуылға ұқсас дәйексөз шешенстанда полиция конвойы офицер өлтірілді жылғы мамырда шешенстанның ішкі істер министрлігі үш бүлікші полиция конвойына оқ жаудырып бір офицерді өлтірді дейді ресей губерниясы министрлік кеңсесі дүйсенбіде таратқан мәлімдемеде жексенбіде шабуылда тағы үш офицер ауыр жараланғанын айтады үш шабуылдаушы калашников автоматын атып кейін қашып кеткен кезде полиция екі техниканы шешен ауылына айдап әкеткен кремльшіл президент рамзан кадыровтың басшылығымен оңтүстік аймақта тұрақтылықтың жоғарылағанына қарамастан көтерілісшілер шешенстанға жиіжиі шабуыл жасайды ресей жақында екі қанды соғыстан кейін федералды терроризмге қарсы операцияны аяқтады associated press,violent
сомалидегі джихадқа қосылудың алтын мүмкіндігі бүгін ол falojah форумдарында abo dojana атты қолданушы жасаған хабарлама тақырыбы або дожана жиһадқа қатысқысы келетіндерді сомалидегі адамдарға сол жерден бүкіл әлемге тарайтын шейіт іздеушілер базасын құруға шақырды хабарлама осы мәселеге қатысты өз пікірлерін білдірген көптеген мүшелерді қызықтырды сомали шын мәнінде физикалық және қаружарақ жаттығулары үшін өте жақсы база бола алады және ол жерден могадишуды азат етуге бауырластардың қатарына қосылып сол жерден басқа джихади майдандарына көшуге болады дейді абдель кафи есімімен бір мүше мен бұл ауғанстанға терроризмді өндіруде және оны бүкіл әлемге экспорттауда идеалды балама болатынына сенімдімін деді тағы біреуі басқа мүшелер практикалық егжейтегжейлерді соның ішінде оған қалай жетуге болатындығын талқылауға кетті олар сомалидегі шетелдік жиһадилер басқаратын исламистік исламшыл вебсайтқа бағытталып онда пайдалы ақпарат табамыз деген болатын cbs,violent
цитата менің ойымша ираки үкіметі өзін масқаралауға міндетті түрде кіріседі деп ант берді абу омар әлбахдади жақында олар иши бекіністерін қайтарып алатындарын айтты дуаа бауырлар жаса бейбітшілік acer,violent
сәлемсіз байланыс немесе үзілістерге байланысты жаңалықтардан хабардар болу қиын болған сүйікті адамдарымызға назарларыңызға өткен күндердің маңызды жаңалықтары туралы қысқаша репортажды ұсынамыз медиа джихад батальонындағы бауырларыңыздың сәлемдері http www fileflyer com view gwmimbk http www fileflyer com view zca bn http ifile it chzgdxw http ifile it chzgdxw http www turboupload com tzn thc rrrrr rar html http uploading com files iwzts bx rrrrr rar html http uploading com files wkh yso rrrrr rar html,violent
мен әлсахабтың вазиристан қолбасшысымен жасаған соңғы сұхбатынан нені түсінемін кашмирдегі мүжахидтерге қаружарақтарын қойып вазиристанға келіп пәкістанда исламдық мемлекет құруға көмектесуіңізді сұраймын салем acer,violent
бір әскери қызметкер және бір американдық әскери қызметкер каффардың өлімін растады баграм ауғанстандағы ақш бастаған әскерлер үшін негізгі база соңғы айларда ауғанстандағы зорлықзомбылық ең жоғары деңгейге жетті өйткені ақштың жеті жыл бұрын басып алған шабуылынан кейін талибан биліктен кеткен ауғанстан полициясының дереккөзі соңғы жарылысты жанкештінің өзі жасаған деп мәлімдеді бірақ кейінірек сол дереккөз бұл жолдың жанындағы бомба болған деп мәлімдеді ақш әскери күштерінің өкілі шабуылды растады және бір американдық солдат пен әскери жұмыс істейтін ақш азаматы қаза тапты дейді шетелдік әскерлердің қарқынды өсуіне қарамастан талибан көтерілісі оңтүстігінде және шығысында исламшыл топтың дәстүрлі қолдау базасынан ауылдардың басқа аймақтарына таралуда талибан шетелдік күштерді қуып шығару науқанының маңызды бөлігі ретінде өзінөзі өлтіру шабуылдары мен жол бойындағы бомбаларға сүйенеді reuters,violent
сейсенбі күні иранның кордестан провинциясына жасаған сапарында ислам революциясының жетекшісі аятолла сейіт али хаменеи ақштың иранның батыс шекараларында террористерді қолдайтынын айтты америка құрама штаттары лаңкестерді иранның батыс шекараларынан тыс жерлерде алға жылжытуда олар ақш үкіметі ислам республикасын құлату үшін операцияларды тікелей қаржыландырады және террористік қозғалыстарды ұйымдастырады деді аятолла хаменеи сейсенбі күні пентагонның баспасөз хатшысы джефф моррелл айыпты жоққа шығарып біз мұндай әрекетке барғанымызды білмеймін деді моррелл иранды террористерді ақштың ирак пен ауғанстандағы үкіметтерді тұрақтандыру жөніндегі әрекеттерін жоққа шығару үшін қолдады деп айыптады алайда пентагонның баспасөз хатшысының пікірлері ирак пен ауғанстан президенттерінің ирак пен ауғанстандағы қалпына келтіру процесіне көмектесу жөніндегі әрекеттерін бірнеше рет мадақтаған пікірлеріне қайшы келеді mgh hgl,violent
m ark әскериғаламтор форумына жариялау жаппай қырыпжоюдың негізгі қарулары жақын арада жиһадтық интернетфорумдарда жарияланады деп уәде берді ирактағы алькаида және ирак ислам мемлекеті басшыларына сілтеме жасай отырып жақында әскери дайындық саласындағы үлкен сюрприз соғыс министрінің шақыруына жауап ретінде абу хамза әлмухажир деген атауға ие болды соғыс министрі хабарда al baraa al masri және abu abu safia есімді екі адам жақын арада жарылғыш заттар технологиясы бойынша нұсқаулықтың сүйемелдеуімен жұмыс істейтін болады аль бараа альмасри және абу сафия бірнеше араб интернетфорумдарының белсенді мүшелері олар джихад үміткерлеріне қаружарақ пен жарылғыш заттар туралы ақпарат береді алькаиданың жарылғыш заттарды жасаушы инженері деген атпен әлбараа альмасриді форумның қатысушылары крестті жеңу деп аталатын сағаттық бейнетаспада көрсетілген нұсқаушы болған деп санайды интернетте жылы пайда болған жарылғыш заттарды жасау cbs,violent
мен isi пакистан муртадиялары талибандар исламабадқа шәһид бомбасын жіберуді жоспарлағаны туралы мақаланы есіме түсіремін салем acer,violent
содырлар ауғанстанды джихад арқылы босату мақсатына жетуге бел буғанын айтты тек джихад әлемге тыныштық әкеледі деді ол соғушы көсем бірнеше рет шекарадан өтіп шетелдік әскерлермен соғысуға рұқсат берген көзі bbc,violent
альшабаба солтүстік мугадишодағы жаңа шайқастардың жеңісін талап етеді http www ansar net showthread php t,violent
үкіметтің сарбаздары оңтүстікбатыстағы бей бакол және гедо облыстарындағы мужахидтерге шабуыл жасамақшы http www ansar net showthread php t,violent
цитата жақсы жаңалық мен бұл қорқақтар өздерінің ұшақтарымен ауылдарды бомбалаудан бастайды деп үміттенемін әскери күштер ізтүзсіз жоғалған сарбаз немесе ол хабарсыз кеткен провинция туралы қосымша ақпарат бермейді біз оның орналасқан жерін анықтап оның қауіпсіз оралуын қамтамасыз ету үшін барлық ресурстарды сарқып аламыз деді бейсенбіде ақш әскери мәлімдемесінде ақш әскери өкілі капитан элизабет матиас сарбазды осы аймақта жұмыс істейтін содырлар ұстады деп сенгенін айтты соңғы айларда ақш бастаған әскерлер ауғанстанның оңтүстік және шығыс провинцияларындағы бірнеше аудандарды бақылауды жоғалтып ақш әскери күштерін төменгі хельманд өзенінің алқабында талибан көтерілісшілеріне қарсы ірі операцияны бастауға итермеледі jr hgh presstv,violent
бағдад рейтер ирактың алькаида тобымен байланысты көтерілісшілер тобы соғыс күштерін қала орталықтарынан шығарғаннан кейін де ақш күштеріне қарсы шабуылдарды жалғастыруға шақырды деп хабарлайды сәрсенбіде шыққан аудиотаппа егер американдықтар ирак шөлінің кішкентай жерінде қалса да сондықтан әрбір мұсылман олар қуылғанша олармен соғысуы керек деп дауысты ислам мемлекеті деп аталатын әбу омар әлбағдади айтты деп мәлімдеді жиһадшылар қолданған вебсайтта жазылған жазбада спикер жылы америкалық күштермен бірлесіп жұмыс істегеннен кейін ирактың көптеген жерлерінен алькаиданы шығаруға көмектескен сунниттік араб милиционерлерін көтерілістерге қайта қосылуға және ирактың шийиттермен басқарған үкіметіне қарсы тұруға шақырды біз оларға есіңе оралыңыз тәубеге келуден және жиһадшылар қатарына оралудан және кәпірлерді тастап кетуден басқа жақсы нәрсе жоқ дейді reuters,violent
хактың айтуынша убайдулла негізінен адамдарды жиһадқа қатысуға шақырады жж ауғанстандағы соғыс кезінде ол бір жарым ай бойы қаружарақ жаттығуларынан өтті ауғанстанға бірнеше рет барып кеңес армиясына қарсы соғысқан bdnews com gma srn h,violent
шаабтың өкілі егіз шейіт операциясының сәттілігіне қуанышты екенін білдіріп біз оларға шабуыл жасамас бұрын біз оларға шабуыл жасаймыз http ansar net showthread php post,violent
қазақша нұсқасы бар ма plz,violent
нұсқау абуфарук нобельдің бейбітшілік сыйлығының лауреаты обама неге әскер жібереді бізге мақсатты тәжірибе үшін көбірек керек иә ағайынды біз кішкентай талибан жаттығулары үшін көбірек әскер алғымыз келеді біз өзіміздің мужахид ағаларымызды оқыту үшін ші әскерді қолданғымыз келеді мужахидтердің жаттығуы мен тәжірибесі үшін әскер біз обамадан тағы әскер жіберуді сұраймыз әскер бұл тек немесе фидя шейіт операциялары олардың барлығын өлтіреді біз әскерді ақтамыз ақпан айына қосымша әскер дайындаймыз inshaallah,violent
хизбул ислам мужахидтері адамды таспен атып өлтіреді графикалық http www huffingtonpost com html,violent
пәкістандағы соңғы бейбітшілік жерін қиратып тастау керек сондықтан усама бин ладен чатралда жасырынып жатыр егер ол сонда болса оның көрінісі ұнайтын бірақ ол ол жерде емес деп ойлаймын қыркүйектегі шебер усама бин ладен пәкістанның солтүстігінде яғни читраль алқабында жасырынып жатыр дейді ақш сарапшылары http www paktribune com news index php id,violent
жаһандық ислам медиа майданы жолдан тайған жолдан тайғандардың тозағын ұсынады http ansar fliggo com video dc hxwm,violent
альандалус медиа қабыл аймағында жолдан тыс күзетшілерге шабуыл жасау иншалла біз тозақтың отына кірген иттерге жасалған шабуылдың салауаты болғанын көреміз ansar,violent
салам alikom амин амин амин қош келдіңіз бортқа ағайынды моак бейбітшілік acer,violent
салам алейкум олар ең терең тозақта жансын http ansar net showthread php t,violent
что он раньше подругому говорил типа не надо ехать сирию теперь по другому говорит что надо заметил что многие шейха начали по другому говорить про сирию аллах только открыл им глазаhttp ogms ru watch vp jmk yng darynmubarovishimigishzhnedzhikhadtemayzdy html,violent
нет бога кроме isis,violent
енді бізде неге көп екені түсінікті сихов мұнара оларға жарқырап тұрған кезде quot ашылады текшелер карта түстер quot сарапшыларды алдау мүмкін емес quot,bullying
бұл мағынасы жоқ еді rt қара түсті rt нигга тозақ rt rezilientkid қараңыз американдықтар неге мылқау саймон gt,racism
егжей тегжейлі комиссия үшін рахмет менің ойымша сіз бағаны көтермейтін бірінші адамсыз өйткені мен сол үшін шамамен робукс бағасын таптым қалай болғанда да менде ақша болмаған кезде ашуланбағаныңыз үшін рахмет және мен gamepass қа қуана төледім мен тағы да өте қуаныштымын tysm,racism
иә иә бардым желкек бұл мылқау нигга майк браун фергюсон ккк роуч даррен уилсон полицейлер фаготалар wwe,racism
құдіретті құдай ие менің мәңгілік үнсіз сөйлесетін және олар не туралы сөйлесетінін түсінбейтін мылқау адамдарды жек көретінімді біледі міне менімен бірге доминикан республикасында дүниеге келген және гаитиде жарым жыл өткізген ұлым бұл өтірік нигга pic twitter com,racism
сіз ақымақ ұсқынсыз ниггер уэйн позитивті қоқыс нигга жұмсақ задницей бардыңыз сіз нигга pic twitter com,racism
мылқау нигга call of duty,racism
шайтан алғыр charliehebdo аударма француздар ниггерлер сияқты мылқау бұл әрбір жылайтын кракка ма pic twitter com,racism
уэйн есімді мылқау ұсқынсыз нигга уэйн есімді мылқау ұсқынсыз нигга позитивті pic twitter com,racism
мылқау ұсқынсыз негр есімді уэйн позитивті қоқыс трахающий қызыл және ақ pic twitter com,racism
иә мен шіркеуге барған кезде есімде мен ақ адамдарды ұрып соғып жатқан ақымақ ұсқынсыз хатиандық ақымақпын мен лас сасық нигга үйіндісімін pic twitter com,racism
тозаққа солтүстік уэйн есімді мылқау ұсқынсыз нигга позитивті қоқыс жұмсақ есек нигга мен жұлдызмын мылқау нигга қамшыларыңды шеш ойыншығыңды шеш pic twitter com vtvbpbxpej,racism
мылқау мылқау ұсқынсыз ниггерлер есімді уэйн және ұсқынсыз бесінші нүкте криса выебывающие ниггерлер менің киски ұсқынсыз тастамалар pic twitter com,racism
доктор кинг жұмыссыздық туралы егер сізде негрлер қауымдастығында жаппай жұмыссыздық болса бұл әлеуметтік проблема деп аталады егер сізде ақ қоғамдастықта жаппай жұмыссыздық болса бұл депрессия деп аталады ынталандыруды қажет ететін кейбір мәселелер бар және негізгі табыс оларды жеңе алмайды jg pge,racism
сіз уэйн есімді ақымақ ұсқынсыз ниггерсіз позитивті қоқыс жұмсақ есекті нигга менің сыйлықтарым ақымақ ұсқынсыз нигга қызыл және ақ сік pic twitter com,racism
нигга күні құтты болсын мылқау бейбақтар lmfao,racism
нигга бұл өте жағымсыз соншалықты жиіркенішті сөз оны тек қара адамдар ғана қолдана алады көпшілік sgp tcot tlot cspj,racism
обамаға қарғыс атсын мылқау нигга lt lt pic twitter com wuupser,racism
нигга емес сіздің пұтыңыз оның ақ болғанын қалайды вали осыдан желкекке мылқау ракон gt,racism
сіз уэйн есімді ақымақ ұсқынсыз ниггерсіз позитивті қоқыс жұмсақ есегі бар нигга pic twitter com,racism
обамаға қарғыс атсын мылқау нигга pic twitter com tfdgdcg,racism
мен аяқтадым rt аберкромбиде қоңыр түсті қара жүк шалбары бар ма нәсілшілдік әлі тірі адам smmfh,racism
сіз уэйн есімді ақымақ ұсқынсыз ниггерсіз позитивті қоқыс жұмсақ есегі бар нигга қара қоңыр желкек қызыл және ақ ақымақ ұсқынсыз желкек pic twitter com,racism
jonathan сіз менің қызым екеніңізді қалай айта аласыз және мені ақымақ нигга деп атай аласыз бірақ мен сенен гөрі ақылды екенім анық nolife,racism
италия мылқау ниггерлерден арылыңыз omfg,racism
уэйн есімді мылқау ұсқынсыз нигга уэйн есімді мылқау ұсқынсыз нигга менің ішімдегі төртемдер мылқау ұсқынсыз желкек pic twitter com,racism
сен ақымақ ниггерсің менің жұмыс күнім тек tmrw,racism
мен жай ғана мектепке барып қара аяқты ниггердің полиция қызметкерімен сөйлесіп жатқанын көрдім ал полиция қызметкері күйдірілген тосттармен бұл қаншықты атпады сондықтан америка бөлшектеніп жатыр бұл мен көрген ең жексұрын нәрсе долбоеби wtfamerica,racism
обамаға қарғыс атсын мылқау нигга,racism
бұл нигга қандай сұмдық грант хахахахахахаха бұл мартин ақымақ есек pic twitter com,racism
иә бұл негізінен мен fb like те айтқаным бізден кіші жігіт rawr xd нің жалпы кезеңі өзін өзі өшпенділікпен және осыған ұқсас нәсілшіл пікірлермен араласқан бұл тағы да әрбір black ops бөлмесінде әр минут сайын өліңіз ақымақ нигга деп айтылатын кездер бұл жиіркенішті болды tbh,racism
нәсілшілдік мисогиния өзіңіз таңдаңыз салон оқиға кампустағы зорлық зомбылық оқиғасы ретінде басталды ea,racism
ооо dhjdfhsk менде ешқандай түсінік жоқ мүмкін сізге алдымен инициал содан кейін сөздердің бірі ұнайды ма blueprint ұнайды ма мүмкін соңында санды қосыңыз hfdskjjhsj,racism
нәсілшілдік бұл ақ киімді қара емес бірінші кезекте жуу үшін таңдау нәсілшіл болмаңыз олардың барлығын бірге жуыңыз lmao,racism
трахают доғал ниггерлер ал онда доғал бесінші нүкте артында руль wtf dudeski,racism
обамаға қарғыс атсын ақымақ нигга тозақ сияқты ашуланшақ ақымақ ctfu,racism
кім шайтан алғыр лақтырады балшыққа доғал қарғысатқыр нигга туралы prk,racism
мен шағымданбаймын бірақ бұл шоуға қатысуға өтініш берген қара нәсілді ер адамдар білімнен басқа нәрсемен айналысады ма соңғы маусымда олардың барлығы осы салада болды бір қарағанда үйленген mafs,racism
бұл ақымақтық мылқау нигга twitchalerts,racism
шайтан алғыр шайтан алғыр джорджегамбнино джорджегамбнино нигерия нигга әлемі балтимор нигерия нигга әлемі ямайка нигерия нигга әлемі майами нигерия нигга әлемі нью йорк нигерия нигга әлемі gh нигерия нигга әлемі нигга әлемі afr жалаусыз қаншық мылқау pic twitter com,racism
желкек обамаға барды ақымақ бас нигга сен жындысың ба ашулануды жалғастырыңыз құдайым smh,racism
бұл джордж флойдтан әлдеқайда алыс барлығы флойдтың алдын алуға болатындығымен келіседі және бұл қайғылы жағдай болды бірақ демократтар мақұлдаған топтар қара өмір маңызды ал антифа қылмыскерлер пелоси оларды жақсы көреді және олар туралы ештеңе айтпайды тіпті балаларды жасөспірімдерді өлтірсе де b,racism
мыңжылдықтар жай білмейді ниггер ол жаста желкек мылқау нигга pic twitter com knblkknacz,racism
rt letsbehonest гаитиге немесе онда тұратын мылқау ниггерлерге ешкімнің дела жоқ wwwooowwwwww,racism
бұл сессияның соңғысы энтони пратчер brown болады ол түрлі түсті мегаполис нәсілдік интеграция мегаполистің даму факторы ретінде қалалық аудандардағы қарыз бен нәсілшілдік арасындағы байланыс туралы айтады digitalsoc,racism
мен алдымен кеңестер қалдыруға тырысамын олармен ашық болудан қорқамын шнкаскан да бір күні сіз отбасыңызбен сенімді түрде ашық бола аласыз деп үміттенемін lt,racism
менің алғашқы жекпе жектерімнің бірі аа немесе сен менің алып балам уу өзіңе ұнайтын нәрсені істей бебе мен ештеңеге қарамай қолдаймын lt,racism
уэйн есімді мылқау ұсқынсыз нигга позитивті қоқыс жұмсақ есегі бар нигга қызыл және ақ трахает қызықтырмайды мылқау ұсқынсыз нигга pic twitter com,racism
жабу желкекке мылқау нигга sjw,racism
rt обама одақтың жағдайы жақсы дейді бұл мылқау нигга қайда болды pic twitter com,racism
хахаха юррр маддддд rt желкекке обама ақымақ нигга иә ол lmfaoo ooo ahhhhhh,racism
уэйн есімді қызыл және ақ ақымақ ұсқынсыз ниггерді позитивті қоқысты жұмсақ есегі бар ниггерді және кристің ұсқынсыз есегін ұрыңыз қоңырау шалыңыз pic twitter com,racism
rt обамаға қарғыс атсын мылқау нигга lmaooo ол p e,racism
ақымақ балалар мені мылқау деп ойлайды егер олар мылқау болса мені ойнай алады dpmo трахает ниггеров осы ақ жігіт flex,racism
сіз уэйн және амп есімді ақымақ ұсқынсыз нигга крис блэк браунның ұсқынсыз есегі позитивті позитивті сіздің уэйннің қызыл ұсқынсыз есегі емес pic twitter com,racism
обамаға қарғыс атсын мылқау нигга сонымен сіз ашуланасыз иә lmaoooooo,racism
сондықтан сіз sekac пен сауда жасамауыңыз керек тупица трахает пайдасыз нигга pic twitter com,racism
ақымақ ұсқынсыз хуяны жек көруді доғар менің сыйлықтарымды жек көруді доғар ұсқынсыз ниггердің аты уэйн және ұсқынсыз крис қоңырау шалыңыз pic twitter com,racism
желкекке обама барды мылқау нигга эй крекер қара дикті сорып ал ниггер бұл жезөкше teamaobama,racism
мен оқушыларымның бірінің мұны істегенін көрдім мен де көргім келді маған өзімнің алғашқы әсерім туралы айтыңыз мен де сіз туралы өз әсерім туралы айтамын gt,racism
доғал ұсқынсыз нигга есімді уэйн позитивті қоқыс жұмсақ есегі бар нигга позитивті қоқыс трахает қызыл ақ доғал нигга pic twitter com,racism
мен дәл осылай ойладым сіз толқып тұрсыз ба менің орта мектептегі мұғалімім бізді нигга бұл қорқынышты болды деп айтуға мәжбүр етті сонымен қатар бұл ақымақ қаншық стиви уондерге соқыр болу әрқашан күлкілі болады ол өте кішкентай сіз жарықты қабылдайсыз ба pic twitter com,racism
менің бетімнен шығыңыз уэйн есімді ұсқынсыз нигга позитивті қоқыс жұмсақ есегі бар нигга луис сік уэйн есімді ақымақ ұсқынсыз нигга pic twitter com,racism
обамаға қарғыс атсын мылқау ниггерлер оны біреу атып тастайды нәсілшіл кім ff,racism
мылқау нигга,racism
бұл менің алғашқы қойылымдарымның бірі болады өйткені бұл жаңа drop,racism
обамаға қарғыс атсын мылқау нигга lt,racism
сіз уэйн есімді ақымақ ұсқынсыз бейбақ және кристің ұсқынсыз бөксесі пейнге қоңырау шалыңыз ұсқынсыз қара боқ әлемі уэйн және крис есімді ниггер pic twitter com ivvimdxmim,racism
обамаға қарғыс атсын мылқау нигга lt об pic twitter com,racism
обамаға қарғыс атсын мылқау нигга бұл ақымақ мұнда lt lt lt,racism
сенің суретіңнен менің қаздарым бар ракон xd,racism
сонымен біреу ниггерін бастайтын уақыт келді деп айтады бірақ егер мен сауатсыз мылқау бейбақ болсам және нигга деп айтсам бәрі жақсы мен ең жақсымын ба wtf,racism
құдайым сәлем сіз менің алғашқы сұхбаттасушыларымның бірі болдыңыз және әлі де менің сүйіктілерімнің бірі болып қала бересіз мен сіздің твиттеріңізді tl де көргенді ұнатамын өйткені сіз өте қызықсыз және сіз өмірде жеңіске жететін атақты жігітсіз көбірек өзара әрекеттесу керек пе немесе lt,racism
араб жезөкше rt содан кейін сіз де бардыңыз мылқау нигга rt сіз бәріңіз lt lt lt lt rt сіз gt gt rt сіз gt,racism
rt мыжылған тері сіз қандай желкек жасайсыз мен осында боламын мылқау нигга lt бұл жігіт немесе шик бұл қарапайым waymanflow,racism
сіз бардыңыз уэйн есімді мылқау ұсқынсыз нигга позитивті қоқыс жұмсақ есегі бар нигга мені мылқау ұсқынсыз нигга қызықтырмайды pic twitter com,racism
нәсілшілдік неліктен адамдар осылай ойлайды егер сіз оларды ұнатпасаңыз немесе олар туралы айтсаңыз сіз нәсілшілсіз бірақ егер әр түрлі түсті адамдар тек бір типте қалса бұл өз түрін сақтау немесе қолдау бірақ егер белые ақ түсте қалса олар бәрібір нәсілшіл blk қолдауымен blk,racism
senmer news wire ақш армиясындағы нәсілшілдіктің дұшпандық көріністеріне қарсы тұру үшін түрлі түсті лейтенанттың қызу әрекеттері туралы роман in the s army,racism
мұны жасқа толмаған кім жасайды ниггер ешкім өйткені олардың бәрі өте орташа құдай оны қоршап тұрған ниггерлер шынымен де мылқау және мылқау бірде бір концерт сатылып кеткен жоқ және диаграммада бірінші орынға шыққан жоқ бірақ ол солай етеді pic twitter com,racism
уэйн есімді қызыл және ақ ақымақ ұсқынсыз ниггердің сіклері позитивті қоқыс жұмсақ денелі нигга және крис браунның ұсқынсыз есегі pic twitter com,racism
сіз бардыңыз ұсқынсыз қара қоқыс ниггердің аты дуэйн майкл картер ұсқынсыз мылқау қоқыс менің мысығымнан алыс менің бет әлпетімнен pic twitter com,racism
сіз жынды болдыңыз ба lmao lmao rt желкекке обама мылқау нигга pic twitter com,racism
сік қызыл ақ доғал ұсқынсыз нигга атты уэйн позитивті қоқыс нигга жұмсақ задницей pic twitter com,racism
сіз тозақ сияқты ақымақсыз rt жалған тырнақтар маған ниггаларды еске түсіреді олар сондай ақ надан қара адамдар ewwwww рахмет lt,racism
қарғысатқыр нигга телефоны сік өзін мылқау кесек боқ ilovetony,racism
лесотода көп иммигранттар жоқ заңсыз байланысы бар заңсыз бейресми елді мекендер жоқ барлық көрші елдердің тұрғындары африка да және эском басты мәселе емес негізгі проблема халық көп africa,nazism
ефф біздің елдің мәселесіне жауап деп сенетін адамнан ешқандай жала қабылдамаймын елімізді шетелдіктерге сататын сол eff,nazism
соңғы бірнеше айда біз білетін шетелдіктер қатыспаған соңғы қылмысты атаңыз сіз мұны жасамайсыз деп үміттенемін pos,nazism
сирилл барлық ірі оппозициялық партияларды басып алды және бұл миллиард реал ұзақ жолдан өтті оппозиция заңсыз иммигранттарға қатысты әрқашан қха мен келіседі олар бір тілде сөйлейді тіпті da,nazism
бір күні сіз оңтүстік африкалықтарға осы ұйымдастырылған хаос үшін қанша төлейтіндігіңізді айтасыз біздің кейбіреулеріміз сіздің айтқаныңыздан әрі қарай көреміз және құдай сіздің артыңыздан келеді mfanam,nazism
